Feature,count,unique,top,freq,%unknown,%missing,card
current_status,9535,2,Laboratory-confirmed case,8880,0.0,0.0,2
sex,9535,4,Female,4995,0.6816990036706869,0.06292606187729419,4
age_group,9535,10,20 - 29 Years,1783,0.0,0.12585212375458837,10
race_ethnicity_combined,9535,9,Unknown,3690,38.69952805453592,1.017304667016256,9
hosp_yn,9535,5,No,5102,16.56004195070792,22.642894598846354,5
icu_yn,9535,4,Missing,7184,13.5186156266387,75.34347142108024,4
death_yn,9535,2,No,9194,0.0,0.0,2
medcond_yn,9535,4,Missing,7040,8.148925013109597,73.83324593602516,4
